date,rest_hr,zone,max_hr,min_hr,minutes,cal_out
2018-12-31T23:00:00Z,59,Out of Range,98,30,610,1331
2018-12-31T23:00:00Z,59,Fat Burn,137,98,20,141
2018-12-31T23:00:00Z,59,Cardio,166,137,0,0
2018-12-31T23:00:00Z,59,Peak,220,166,0,0
2019-01-01T23:00:00Z,58,Out of Range,98,30,809,1522
2019-01-01T23:00:00Z,58,Fat Burn,137,98,50,380
2019-01-01T23:00:00Z,58,Cardio,166,137,30,444
2019-01-01T23:00:00Z,58,Peak,220,166,3,48
2019-01-02T23:00:00Z,58,Out of Range,98,30,900,1734
2019-01-02T23:00:00Z,58,Fat Burn,137,98,31,238
2019-01-02T23:00:00Z,58,Cardio,166,137,0,0
2019-01-02T23:00:00Z,58,Peak,220,166,0,0
2019-01-03T23:00:00Z,58,Out of Range,98,30,927,1826
2019-01-03T23:00:00Z,58,Fat Burn,137,98,29,238
2019-01-03T23:00:00Z,58,Cardio,166,137,0,0
2019-01-03T23:00:00Z,58,Peak,220,166,0,0
2019-01-04T23:00:00Z,57,Out of Range,98,30,350,849
2019-01-04T23:00:00Z,57,Fat Burn,137,98,10,66
2019-01-04T23:00:00Z,57,Cardio,166,137,0,0
2019-01-04T23:00:00Z,57,Peak,220,166,0,0
2019-01-05T23:00:00Z,59,Out of Range,98,30,537,1356
2019-01-05T23:00:00Z,59,Fat Burn,137,98,58,362
2019-01-05T23:00:00Z,59,Cardio,166,137,8,122
2019-01-05T23:00:00Z,59,Peak,220,166,27,459
2019-01-06T23:00:00Z,59,Out of Range,98,30,907,1777
2019-01-06T23:00:00Z,59,Fat Burn,137,98,62,480
2019-01-06T23:00:00Z,59,Cardio,166,137,0,0
2019-01-06T23:00:00Z,59,Peak,220,166,0,0
2019-01-07T23:00:00Z,59,Out of Range,98,30,875,1745
2019-01-07T23:00:00Z,59,Fat Burn,137,98,126,998
2019-01-07T23:00:00Z,59,Cardio,166,137,0,0
2019-01-07T23:00:00Z,59,Peak,220,166,0,0
2019-01-08T23:00:00Z,59,Out of Range,98,30,863,1995
2019-01-08T23:00:00Z,59,Fat Burn,137,98,110,776
2019-01-08T23:00:00Z,59,Cardio,166,137,1,11
2019-01-08T23:00:00Z,59,Peak,220,166,0,0
2019-01-09T23:00:00Z,58,Out of Range,98,30,871,1749
2019-01-09T23:00:00Z,58,Fat Burn,137,98,75,618
2019-01-09T23:00:00Z,58,Cardio,166,137,2,23
2019-01-09T23:00:00Z,58,Peak,220,166,0,0
2019-01-10T23:00:00Z,58,Out of Range,98,30,931,2279
2019-01-10T23:00:00Z,58,Fat Burn,137,98,62,435
2019-01-10T23:00:00Z,58,Cardio,166,137,0,0
2019-01-10T23:00:00Z,58,Peak,220,166,0,0
2019-01-11T23:00:00Z,57,Out of Range,98,30,790,2315
2019-01-11T23:00:00Z,57,Fat Burn,137,98,116,829
2019-01-11T23:00:00Z,57,Cardio,166,137,0,0
2019-01-11T23:00:00Z,57,Peak,220,166,0,0
2019-01-12T23:00:00Z,58,Out of Range,98,30,485,1405
2019-01-12T23:00:00Z,58,Fat Burn,137,98,173,1151
2019-01-12T23:00:00Z,58,Cardio,166,137,0,0
2019-01-12T23:00:00Z,58,Peak,220,166,0,0
2019-01-13T23:00:00Z,58,Out of Range,98,30,823,1824
2019-01-13T23:00:00Z,58,Fat Burn,137,98,66,542
2019-01-13T23:00:00Z,58,Cardio,166,137,41,595
2019-01-13T23:00:00Z,58,Peak,220,166,17,274
2019-01-14T23:00:00Z,58,Out of Range,98,30,902,2009
2019-01-14T23:00:00Z,58,Fat Burn,137,98,92,744
2019-01-14T23:00:00Z,58,Cardio,166,137,0,0
2019-01-14T23:00:00Z,58,Peak,220,166,0,0
2019-01-15T23:00:00Z,57,Out of Range,98,30,887,1687
2019-01-15T23:00:00Z,57,Fat Burn,137,98,73,584
2019-01-15T23:00:00Z,57,Cardio,166,137,0,0
2019-01-15T23:00:00Z,57,Peak,220,166,0,0
2019-01-16T23:00:00Z,57,Out of Range,98,30,729,1585
2019-01-16T23:00:00Z,57,Fat Burn,137,98,77,705
2019-01-16T23:00:00Z,57,Cardio,166,137,57,787
2019-01-16T23:00:00Z,57,Peak,220,166,5,78
2019-01-17T23:00:00Z,56,Out of Range,98,30,961,1969
2019-01-17T23:00:00Z,56,Fat Burn,137,98,38,340
2019-01-17T23:00:00Z,56,Cardio,166,137,0,0
2019-01-17T23:00:00Z,56,Peak,220,166,0,0
2019-01-18T23:00:00Z,56,Out of Range,98,30,800,1688
2019-01-18T23:00:00Z,56,Fat Burn,137,98,28,221
2019-01-18T23:00:00Z,56,Cardio,166,137,0,0
2019-01-18T23:00:00Z,56,Peak,220,166,0,0
2019-01-19T23:00:00Z,57,Out of Range,98,30,541,1292
2019-01-19T23:00:00Z,57,Fat Burn,137,98,180,1372
2019-01-19T23:00:00Z,57,Cardio,166,137,41,530
2019-01-19T23:00:00Z,57,Peak,220,166,15,231
2019-01-20T23:00:00Z,57,Out of Range,98,30,692,1579
2019-01-20T23:00:00Z,57,Fat Burn,137,98,63,533
2019-01-20T23:00:00Z,57,Cardio,166,137,42,609
2019-01-20T23:00:00Z,57,Peak,220,166,20,319
2019-01-21T23:00:00Z,56,Out of Range,98,30,971,1914
2019-01-21T23:00:00Z,56,Fat Burn,137,98,29,247
2019-01-21T23:00:00Z,56,Cardio,166,137,0,0
2019-01-21T23:00:00Z,56,Peak,220,166,0,0
2019-01-22T23:00:00Z,56,Out of Range,98,30,934,1856
2019-01-22T23:00:00Z,56,Fat Burn,137,98,32,277
2019-01-22T23:00:00Z,56,Cardio,166,137,0,0
2019-01-22T23:00:00Z,56,Peak,220,166,0,0
2019-01-23T23:00:00Z,56,Out of Range,98,30,929,1795
2019-01-23T23:00:00Z,56,Fat Burn,137,98,45,380
2019-01-23T23:00:00Z,56,Cardio,166,137,0,0
2019-01-23T23:00:00Z,56,Peak,220,166,0,0
2019-01-24T23:00:00Z,55,Out of Range,98,30,928,2145
2019-01-24T23:00:00Z,55,Fat Burn,137,98,61,519
2019-01-24T23:00:00Z,55,Cardio,166,137,0,0
2019-01-24T23:00:00Z,55,Peak,220,166,0,0
2019-01-25T23:00:00Z,56,Out of Range,98,30,904,2284
2019-01-25T23:00:00Z,56,Fat Burn,137,98,68,442
2019-01-25T23:00:00Z,56,Cardio,166,137,35,514
2019-01-25T23:00:00Z,56,Peak,220,166,8,129
2019-01-26T23:00:00Z,57,Out of Range,98,30,829,2285
2019-01-26T23:00:00Z,57,Fat Burn,137,98,33,256
2019-01-26T23:00:00Z,57,Cardio,166,137,0,0
2019-01-26T23:00:00Z,57,Peak,220,166,0,0
2019-01-27T23:00:00Z,56,Out of Range,98,30,742,1838
2019-01-27T23:00:00Z,56,Fat Burn,137,98,61,507
2019-01-27T23:00:00Z,56,Cardio,166,137,61,837
2019-01-27T23:00:00Z,56,Peak,220,166,0,0
2019-01-28T23:00:00Z,56,Out of Range,98,30,968,2268
2019-01-28T23:00:00Z,56,Fat Burn,137,98,18,157
2019-01-28T23:00:00Z,56,Cardio,166,137,1,13
2019-01-28T23:00:00Z,56,Peak,220,166,0,0
2019-01-29T23:00:00Z,55,Out of Range,98,30,852,1743
2019-01-29T23:00:00Z,55,Fat Burn,137,98,38,339
2019-01-29T23:00:00Z,55,Cardio,166,137,1,12
2019-01-29T23:00:00Z,55,Peak,220,166,0,0
2019-01-30T23:00:00Z,54,Out of Range,98,30,862,1898
2019-01-30T23:00:00Z,54,Fat Burn,137,98,24,232
2019-01-30T23:00:00Z,54,Cardio,166,137,41,569
2019-01-30T23:00:00Z,54,Peak,220,166,2,32
2019-01-31T23:00:00Z,54,Out of Range,98,30,976,2323
2019-01-31T23:00:00Z,54,Fat Burn,137,98,23,183
2019-01-31T23:00:00Z,54,Cardio,166,137,0,0
2019-01-31T23:00:00Z,54,Peak,220,166,0,0
2019-02-01T23:00:00Z,55,Out of Range,98,30,906,2504
2019-02-01T23:00:00Z,55,Fat Burn,137,98,56,400
2019-02-01T23:00:00Z,55,Cardio,166,137,44,640
2019-02-01T23:00:00Z,55,Peak,220,166,3,47
2019-02-02T23:00:00Z,56,Out of Range,98,30,697,1584
2019-02-02T23:00:00Z,56,Fat Burn,137,98,51,403
2019-02-02T23:00:00Z,56,Cardio,166,137,49,697
2019-02-02T23:00:00Z,56,Peak,220,166,2,30
2019-02-03T23:00:00Z,56,Out of Range,98,30,1277,2698
2019-02-03T23:00:00Z,56,Fat Burn,137,98,7,53
2019-02-03T23:00:00Z,56,Cardio,166,137,0,0
2019-02-03T23:00:00Z,56,Peak,220,166,0,0
2019-02-04T23:00:00Z,55,Out of Range,98,30,841,1979
2019-02-04T23:00:00Z,55,Fat Burn,137,98,34,293
2019-02-04T23:00:00Z,55,Cardio,166,137,27,376
2019-02-04T23:00:00Z,55,Peak,220,166,14,224
2019-02-05T23:00:00Z,54,Out of Range,98,30,871,1826
2019-02-05T23:00:00Z,54,Fat Burn,137,98,45,410
2019-02-05T23:00:00Z,54,Cardio,166,137,27,402
2019-02-05T23:00:00Z,54,Peak,220,166,22,358
2019-02-06T23:00:00Z,55,Out of Range,98,30,1363,2448
2019-02-06T23:00:00Z,55,Fat Burn,137,98,35,361
2019-02-06T23:00:00Z,55,Cardio,166,137,14,181
2019-02-06T23:00:00Z,55,Peak,220,166,0,0
2019-02-07T23:00:00Z,52,Out of Range,98,30,1260,2667
2019-02-07T23:00:00Z,52,Fat Burn,137,98,103,957
2019-02-07T23:00:00Z,52,Cardio,166,137,16,215
2019-02-07T23:00:00Z,52,Peak,220,166,0,0
2019-02-08T23:00:00Z,52,Out of Range,98,30,1388,2463
2019-02-08T23:00:00Z,52,Fat Burn,137,98,19,138
2019-02-08T23:00:00Z,52,Cardio,166,137,0,0
2019-02-08T23:00:00Z,52,Peak,220,166,0,0
2019-02-09T23:00:00Z,51,Out of Range,98,30,1274,2209
2019-02-09T23:00:00Z,51,Fat Burn,137,98,80,737
2019-02-09T23:00:00Z,51,Cardio,166,137,38,499
2019-02-09T23:00:00Z,51,Peak,220,166,1,15
2019-02-10T23:00:00Z,51,Out of Range,98,30,1291,2834
2019-02-10T23:00:00Z,51,Fat Burn,137,98,29,253
2019-02-10T23:00:00Z,51,Cardio,166,137,0,0
2019-02-10T23:00:00Z,51,Peak,220,166,0,0
2019-02-11T23:00:00Z,50,Out of Range,98,30,1208,2786
2019-02-11T23:00:00Z,50,Fat Burn,137,98,107,1027
2019-02-11T23:00:00Z,50,Cardio,166,137,18,240
2019-02-11T23:00:00Z,50,Peak,220,166,0,0
2019-02-12T23:00:00Z,51,Out of Range,98,30,1341,2687
2019-02-12T23:00:00Z,51,Fat Burn,137,98,28,236
2019-02-12T23:00:00Z,51,Cardio,166,137,0,0
2019-02-12T23:00:00Z,51,Peak,220,166,0,0
2019-02-13T23:00:00Z,51,Out of Range,98,30,1312,2681
2019-02-13T23:00:00Z,51,Fat Burn,137,98,59,524
2019-02-13T23:00:00Z,51,Cardio,166,137,0,0
2019-02-13T23:00:00Z,51,Peak,220,166,0,0
2019-02-14T23:00:00Z,50,Out of Range,98,30,1226,2485
2019-02-14T23:00:00Z,50,Fat Burn,137,98,99,900
2019-02-14T23:00:00Z,50,Cardio,166,137,70,978
2019-02-14T23:00:00Z,50,Peak,220,166,1,15
2019-02-15T23:00:00Z,52,Out of Range,98,30,1339,2679
2019-02-15T23:00:00Z,52,Fat Burn,137,98,20,151
2019-02-15T23:00:00Z,52,Cardio,166,137,0,0
2019-02-15T23:00:00Z,52,Peak,220,166,0,0
2019-02-16T23:00:00Z,53,Out of Range,98,30,1173,2585
2019-02-16T23:00:00Z,53,Fat Burn,137,98,119,995
2019-02-16T23:00:00Z,53,Cardio,166,137,64,851
2019-02-16T23:00:00Z,53,Peak,220,166,0,0
2019-02-17T23:00:00Z,53,Out of Range,98,30,1257,2398
2019-02-17T23:00:00Z,53,Fat Burn,137,98,36,309
2019-02-17T23:00:00Z,53,Cardio,166,137,34,496
2019-02-17T23:00:00Z,53,Peak,220,166,6,96
2019-02-18T23:00:00Z,53,Out of Range,98,30,1374,2701
2019-02-18T23:00:00Z,53,Fat Burn,137,98,40,307
2019-02-18T23:00:00Z,53,Cardio,166,137,0,0
2019-02-18T23:00:00Z,53,Peak,220,166,0,0
2019-02-19T23:00:00Z,52,Out of Range,98,30,1276,2262
2019-02-19T23:00:00Z,52,Fat Burn,137,98,62,554
2019-02-19T23:00:00Z,52,Cardio,166,137,42,606
2019-02-19T23:00:00Z,52,Peak,220,166,5,80
2019-02-20T23:00:00Z,51,Out of Range,98,30,1306,2435
2019-02-20T23:00:00Z,51,Fat Burn,137,98,42,359
2019-02-20T23:00:00Z,51,Cardio,166,137,0,0
2019-02-20T23:00:00Z,51,Peak,220,166,0,0
2019-02-21T23:00:00Z,50,Out of Range,98,30,1261,2702
2019-02-21T23:00:00Z,50,Fat Burn,137,98,133,1288
2019-02-21T23:00:00Z,50,Cardio,166,137,18,227
2019-02-21T23:00:00Z,50,Peak,220,166,1,16
2019-02-22T23:00:00Z,51,Out of Range,98,30,1167,2614
2019-02-22T23:00:00Z,51,Fat Burn,137,98,108,772
2019-02-22T23:00:00Z,51,Cardio,166,137,18,254
2019-02-22T23:00:00Z,51,Peak,220,166,43,717
2019-02-23T23:00:00Z,51,Out of Range,98,30,1318,2305
2019-02-23T23:00:00Z,51,Fat Burn,137,98,23,211
2019-02-23T23:00:00Z,51,Cardio,166,137,40,578
2019-02-23T23:00:00Z,51,Peak,220,166,5,76
2019-02-24T23:00:00Z,50,Out of Range,98,30,1302,2681
2019-02-24T23:00:00Z,50,Fat Burn,137,98,27,215
2019-02-24T23:00:00Z,50,Cardio,166,137,0,0
2019-02-24T23:00:00Z,50,Peak,220,166,0,0
2019-02-25T23:00:00Z,50,Out of Range,98,30,1155,2329
2019-02-25T23:00:00Z,50,Fat Burn,137,98,157,1537
2019-02-25T23:00:00Z,50,Cardio,166,137,2,24
2019-02-25T23:00:00Z,50,Peak,220,166,0,0
2019-02-26T23:00:00Z,50,Out of Range,98,30,1356,2430
2019-02-26T23:00:00Z,50,Fat Burn,137,98,59,490
2019-02-26T23:00:00Z,50,Cardio,166,137,5,65
2019-02-26T23:00:00Z,50,Peak,220,166,0,0
2019-02-27T23:00:00Z,49,Out of Range,98,30,1329,3100
2019-02-27T23:00:00Z,49,Fat Burn,137,98,30,255
2019-02-27T23:00:00Z,49,Cardio,166,137,0,0
2019-02-27T23:00:00Z,49,Peak,220,166,0,0
2019-02-28T23:00:00Z,51,Out of Range,98,30,1394,2922
2019-02-28T23:00:00Z,51,Fat Burn,137,98,29,250
2019-02-28T23:00:00Z,51,Cardio,166,137,0,0
2019-02-28T23:00:00Z,51,Peak,220,166,0,0
2019-03-01T23:00:00Z,53,Out of Range,98,30,1285,3876
2019-03-01T23:00:00Z,53,Fat Burn,137,98,133,1060
2019-03-01T23:00:00Z,53,Cardio,166,137,0,0
2019-03-01T23:00:00Z,53,Peak,220,166,0,0
2019-03-02T23:00:00Z,51,Out of Range,98,30,1386,2675
2019-03-02T23:00:00Z,51,Fat Burn,137,98,10,72
2019-03-02T23:00:00Z,51,Cardio,166,137,0,0
2019-03-02T23:00:00Z,51,Peak,220,166,0,0
2019-03-03T23:00:00Z,48,Out of Range,98,30,1245,2158
2019-03-03T23:00:00Z,48,Fat Burn,137,98,20,182
2019-03-03T23:00:00Z,48,Cardio,166,137,0,0
2019-03-03T23:00:00Z,48,Peak,220,166,0,0
2019-03-04T23:00:00Z,48,Out of Range,98,30,1270,2625
2019-03-04T23:00:00Z,48,Fat Burn,137,98,43,417
2019-03-04T23:00:00Z,48,Cardio,166,137,11,139
2019-03-04T23:00:00Z,48,Peak,220,166,0,0
2019-03-05T23:00:00Z,48,Out of Range,98,30,1296,2461
2019-03-05T23:00:00Z,48,Fat Burn,137,98,29,268
2019-03-05T23:00:00Z,48,Cardio,166,137,33,496
2019-03-05T23:00:00Z,48,Peak,220,166,20,323
2019-03-06T23:00:00Z,50,Out of Range,98,30,1344,2771
2019-03-06T23:00:00Z,50,Fat Burn,137,98,44,406
2019-03-06T23:00:00Z,50,Cardio,166,137,16,233
2019-03-06T23:00:00Z,50,Peak,220,166,10,159
2019-03-07T23:00:00Z,50,Out of Range,98,30,1316,2840
2019-03-07T23:00:00Z,50,Fat Burn,137,98,101,1014
2019-03-07T23:00:00Z,50,Cardio,166,137,5,60
2019-03-07T23:00:00Z,50,Peak,220,166,0,0
2019-03-08T23:00:00Z,51,Out of Range,98,30,1385,2425
2019-03-08T23:00:00Z,51,Fat Burn,137,98,20,159
2019-03-08T23:00:00Z,51,Cardio,166,137,4,51
2019-03-08T23:00:00Z,51,Peak,220,166,0,0
2019-03-09T23:00:00Z,50,Out of Range,98,30,1240,2225
2019-03-09T23:00:00Z,50,Fat Burn,137,98,133,1220
2019-03-09T23:00:00Z,50,Cardio,166,137,9,110
2019-03-09T23:00:00Z,50,Peak,220,166,0,0
2019-03-10T23:00:00Z,52,Out of Range,98,30,1225,2062
2019-03-10T23:00:00Z,52,Fat Burn,137,98,57,512
2019-03-10T23:00:00Z,52,Cardio,166,137,0,0
2019-03-10T23:00:00Z,52,Peak,220,166,0,0
2019-03-11T23:00:00Z,52,Out of Range,98,30,860,1800
2019-03-11T23:00:00Z,52,Fat Burn,137,98,54,493
2019-03-11T23:00:00Z,52,Cardio,166,137,2,27
2019-03-11T23:00:00Z,52,Peak,220,166,0,0
2019-03-12T23:00:00Z,53,Out of Range,98,30,1402,2662
2019-03-12T23:00:00Z,53,Fat Burn,137,98,24,205
2019-03-12T23:00:00Z,53,Cardio,166,137,0,0
2019-03-12T23:00:00Z,53,Peak,220,166,0,0
2019-03-13T23:00:00Z,50,Out of Range,98,30,1415,2583
2019-03-13T23:00:00Z,50,Fat Burn,137,98,7,65
2019-03-13T23:00:00Z,50,Cardio,166,137,0,0
2019-03-13T23:00:00Z,50,Peak,220,166,0,0
2019-03-14T23:00:00Z,50,Out of Range,98,30,1381,2639
2019-03-14T23:00:00Z,50,Fat Burn,137,98,26,222
2019-03-14T23:00:00Z,50,Cardio,166,137,0,0
2019-03-14T23:00:00Z,50,Peak,220,166,0,0
2019-03-15T23:00:00Z,49,Out of Range,98,30,1389,2606
2019-03-15T23:00:00Z,49,Fat Burn,137,98,8,70
2019-03-15T23:00:00Z,49,Cardio,166,137,0,0
2019-03-15T23:00:00Z,49,Peak,220,166,0,0
2019-03-16T23:00:00Z,47,Out of Range,98,30,1268,2491
2019-03-16T23:00:00Z,47,Fat Burn,137,98,54,524
2019-03-16T23:00:00Z,47,Cardio,166,137,52,699
2019-03-16T23:00:00Z,47,Peak,220,166,1,14
2019-03-17T23:00:00Z,47,Out of Range,98,30,1345,2343
2019-03-17T23:00:00Z,47,Fat Burn,137,98,19,162
2019-03-17T23:00:00Z,47,Cardio,166,137,24,343
2019-03-17T23:00:00Z,47,Peak,220,166,9,144
2019-03-18T23:00:00Z,47,Out of Range,98,30,1232,2549
2019-03-18T23:00:00Z,47,Fat Burn,137,98,91,840
2019-03-18T23:00:00Z,47,Cardio,166,137,4,54
2019-03-18T23:00:00Z,47,Peak,220,166,0,0
2019-03-19T23:00:00Z,48,Out of Range,98,30,1381,3299
2019-03-19T23:00:00Z,48,Fat Burn,137,98,26,223
2019-03-19T23:00:00Z,48,Cardio,166,137,0,0
2019-03-19T23:00:00Z,48,Peak,220,166,0,0
2019-03-20T23:00:00Z,48,Out of Range,98,30,1403,2499
2019-03-20T23:00:00Z,48,Fat Burn,137,98,5,46
2019-03-20T23:00:00Z,48,Cardio,166,137,0,0
2019-03-20T23:00:00Z,48,Peak,220,166,0,0
2019-03-21T23:00:00Z,48,Out of Range,98,30,1298,2978
2019-03-21T23:00:00Z,48,Fat Burn,137,98,91,885
2019-03-21T23:00:00Z,48,Cardio,166,137,18,228
2019-03-21T23:00:00Z,48,Peak,220,166,0,0
2019-03-22T23:00:00Z,48,Out of Range,98,30,1408,2738
2019-03-22T23:00:00Z,48,Fat Burn,137,98,12,91
2019-03-22T23:00:00Z,48,Cardio,166,137,0,0
2019-03-22T23:00:00Z,48,Peak,220,166,0,0
2019-03-23T23:00:00Z,49,Out of Range,98,30,1171,2604
2019-03-23T23:00:00Z,49,Fat Burn,137,98,81,786
2019-03-23T23:00:00Z,49,Cardio,166,137,59,776
2019-03-23T23:00:00Z,49,Peak,220,166,4,61
2019-03-24T23:00:00Z,51,Out of Range,98,30,1245,2270
2019-03-24T23:00:00Z,51,Fat Burn,137,98,20,161
2019-03-24T23:00:00Z,51,Cardio,166,137,12,173
2019-03-24T23:00:00Z,51,Peak,220,166,36,572
2019-03-25T23:00:00Z,51,Out of Range,98,30,1220,2546
2019-03-25T23:00:00Z,51,Fat Burn,137,98,98,874
2019-03-25T23:00:00Z,51,Cardio,166,137,4,48
2019-03-25T23:00:00Z,51,Peak,220,166,0,0
2019-03-26T23:00:00Z,50,Out of Range,98,30,1285,2410
2019-03-26T23:00:00Z,50,Fat Burn,137,98,55,453
2019-03-26T23:00:00Z,50,Cardio,166,137,18,250
2019-03-26T23:00:00Z,50,Peak,220,166,5,79
2019-03-27T23:00:00Z,49,Out of Range,98,30,1409,2600
2019-03-27T23:00:00Z,49,Fat Burn,137,98,12,105
2019-03-27T23:00:00Z,49,Cardio,166,137,0,0
2019-03-27T23:00:00Z,49,Peak,220,166,0,0
2019-03-28T23:00:00Z,47,Out of Range,98,30,1285,2796
2019-03-28T23:00:00Z,47,Fat Burn,137,98,57,529
2019-03-28T23:00:00Z,47,Cardio,166,137,35,433
2019-03-28T23:00:00Z,47,Peak,220,166,0,0
2019-03-29T23:00:00Z,49,Out of Range,98,30,1258,2767
2019-03-29T23:00:00Z,49,Fat Burn,137,98,57,440
2019-03-29T23:00:00Z,49,Cardio,166,137,30,425
2019-03-29T23:00:00Z,49,Peak,220,166,16,247
2019-03-30T23:00:00Z,47,Out of Range,98,30,1166,2141
2019-03-30T23:00:00Z,47,Fat Burn,137,98,47,415
2019-03-30T23:00:00Z,47,Cardio,166,137,73,977
2019-03-30T23:00:00Z,47,Peak,220,166,2,29
2019-03-31T22:00:00Z,47,Out of Range,98,30,1342,2615
2019-03-31T22:00:00Z,47,Fat Burn,137,98,14,125
2019-03-31T22:00:00Z,47,Cardio,166,137,1,11
2019-03-31T22:00:00Z,47,Peak,220,166,0,0
2019-04-01T22:00:00Z,48,Out of Range,98,30,1303,2631
2019-04-01T22:00:00Z,48,Fat Burn,137,98,82,777
2019-04-01T22:00:00Z,48,Cardio,166,137,5,61
2019-04-01T22:00:00Z,48,Peak,220,166,0,0
2019-04-02T22:00:00Z,47,Out of Range,98,30,1380,2654
2019-04-02T22:00:00Z,47,Fat Burn,137,98,20,187
2019-04-02T22:00:00Z,47,Cardio,166,137,3,41
2019-04-02T22:00:00Z,47,Peak,220,166,0,0
2019-04-03T22:00:00Z,46,Out of Range,98,30,1261,2304
2019-04-03T22:00:00Z,46,Fat Burn,137,98,22,195
2019-04-03T22:00:00Z,46,Cardio,166,137,8,117
2019-04-03T22:00:00Z,46,Peak,220,166,28,456
2019-04-04T22:00:00Z,46,Out of Range,98,30,1188,2705
2019-04-04T22:00:00Z,46,Fat Burn,137,98,148,1411
2019-04-04T22:00:00Z,46,Cardio,166,137,1,11
2019-04-04T22:00:00Z,46,Peak,220,166,2,31
2019-04-05T22:00:00Z,47,Out of Range,98,30,1301,2510
2019-04-05T22:00:00Z,47,Fat Burn,137,98,32,275
2019-04-05T22:00:00Z,47,Cardio,166,137,0,0
2019-04-05T22:00:00Z,47,Peak,220,166,0,0
2019-04-06T22:00:00Z,48,Out of Range,98,30,1117,2566
2019-04-06T22:00:00Z,48,Fat Burn,137,98,120,984
2019-04-06T22:00:00Z,48,Cardio,166,137,67,905
2019-04-06T22:00:00Z,48,Peak,220,166,15,221
2019-04-07T22:00:00Z,49,Out of Range,98,30,1395,2689
2019-04-07T22:00:00Z,49,Fat Burn,137,98,12,104
2019-04-07T22:00:00Z,49,Cardio,166,137,0,0
2019-04-07T22:00:00Z,49,Peak,220,166,0,0
2019-04-08T22:00:00Z,47,Out of Range,98,30,1252,2415
2019-04-08T22:00:00Z,47,Fat Burn,137,98,23,182
2019-04-08T22:00:00Z,47,Cardio,166,137,30,418
2019-04-08T22:00:00Z,47,Peak,220,166,6,92
2019-04-09T22:00:00Z,48,Out of Range,98,30,1423,2688
2019-04-09T22:00:00Z,48,Fat Burn,137,98,0,0
2019-04-09T22:00:00Z,48,Cardio,166,137,0,0
2019-04-09T22:00:00Z,48,Peak,220,166,0,0
2019-04-10T22:00:00Z,48,Out of Range,98,30,1290,2972
2019-04-10T22:00:00Z,48,Fat Burn,137,98,89,695
2019-04-10T22:00:00Z,48,Cardio,166,137,11,155
2019-04-10T22:00:00Z,48,Peak,220,166,12,190
2019-04-11T22:00:00Z,49,Out of Range,98,30,1012,3140
2019-04-11T22:00:00Z,49,Fat Burn,137,98,204,1751
2019-04-11T22:00:00Z,49,Cardio,166,137,29,351
2019-04-11T22:00:00Z,49,Peak,220,166,0,0
2019-04-12T22:00:00Z,49,Out of Range,98,30,1405,2550
2019-04-12T22:00:00Z,49,Fat Burn,137,98,4,33
2019-04-12T22:00:00Z,49,Cardio,166,137,0,0
2019-04-12T22:00:00Z,49,Peak,220,166,0,0
2019-04-13T22:00:00Z,48,Out of Range,98,30,1277,2361
2019-04-13T22:00:00Z,48,Fat Burn,137,98,64,556
2019-04-13T22:00:00Z,48,Cardio,166,137,60,786
2019-04-13T22:00:00Z,48,Peak,220,166,5,73
2019-04-14T22:00:00Z,49,Out of Range,98,30,1288,2894
2019-04-14T22:00:00Z,49,Fat Burn,137,98,29,284
2019-04-14T22:00:00Z,49,Cardio,166,137,26,343
2019-04-14T22:00:00Z,49,Peak,220,166,2,30
2019-04-15T22:00:00Z,49,Out of Range,98,30,1212,2666
2019-04-15T22:00:00Z,49,Fat Burn,137,98,68,658
2019-04-15T22:00:00Z,49,Cardio,166,137,12,153
2019-04-15T22:00:00Z,49,Peak,220,166,0,0
2019-04-16T22:00:00Z,50,Out of Range,98,30,1399,2744
2019-04-16T22:00:00Z,50,Fat Burn,137,98,24,209
2019-04-16T22:00:00Z,50,Cardio,166,137,0,0
2019-04-16T22:00:00Z,50,Peak,220,166,0,0
2019-04-17T22:00:00Z,49,Out of Range,98,30,1337,2602
2019-04-17T22:00:00Z,49,Fat Burn,137,98,3,29
2019-04-17T22:00:00Z,49,Cardio,166,137,0,0
2019-04-17T22:00:00Z,49,Peak,220,166,0,0
2019-04-18T22:00:00Z,48,Out of Range,98,30,1279,2848
2019-04-18T22:00:00Z,48,Fat Burn,137,98,88,822
2019-04-18T22:00:00Z,48,Cardio,166,137,7,85
2019-04-18T22:00:00Z,48,Peak,220,166,0,0
2019-04-19T22:00:00Z,50,Out of Range,98,30,1292,2850
2019-04-19T22:00:00Z,50,Fat Burn,137,98,41,329
2019-04-19T22:00:00Z,50,Cardio,166,137,0,0
2019-04-19T22:00:00Z,50,Peak,220,166,0,0
2019-04-20T22:00:00Z,50,Out of Range,98,30,1394,3355
2019-04-20T22:00:00Z,50,Fat Burn,137,98,5,44
2019-04-20T22:00:00Z,50,Cardio,166,137,0,0
2019-04-20T22:00:00Z,50,Peak,220,166,0,0
2019-04-21T22:00:00Z,53,Out of Range,98,30,1310,3461
2019-04-21T22:00:00Z,53,Fat Burn,137,98,36,314
2019-04-21T22:00:00Z,53,Cardio,166,137,34,479
2019-04-21T22:00:00Z,53,Peak,220,166,12,186
2019-04-22T22:00:00Z,52,Out of Range,98,30,1002,3385
2019-04-22T22:00:00Z,52,Fat Burn,137,98,8,61
2019-04-22T22:00:00Z,52,Cardio,166,137,0,0
2019-04-22T22:00:00Z,52,Peak,220,166,0,0
2019-04-23T22:00:00Z,51,Out of Range,98,30,1346,3463
2019-04-23T22:00:00Z,51,Fat Burn,137,98,11,83
2019-04-23T22:00:00Z,51,Cardio,166,137,0,0
2019-04-23T22:00:00Z,51,Peak,220,166,0,0
2019-04-24T22:00:00Z,53,Out of Range,98,30,1278,3551
2019-04-24T22:00:00Z,53,Fat Burn,137,98,49,400
2019-04-24T22:00:00Z,53,Cardio,166,137,0,0
2019-04-24T22:00:00Z,53,Peak,220,166,0,0
2019-04-25T22:00:00Z,52,Out of Range,97,30,1285,2740
2019-04-25T22:00:00Z,52,Fat Burn,136,97,73,623
2019-04-25T22:00:00Z,52,Cardio,165,136,17,208
2019-04-25T22:00:00Z,52,Peak,220,165,0,0
2019-04-26T22:00:00Z,54,Out of Range,97,30,1209,2555
2019-04-26T22:00:00Z,54,Fat Burn,136,97,90,634
2019-04-26T22:00:00Z,54,Cardio,165,136,63,842
2019-04-26T22:00:00Z,54,Peak,220,165,5,75
2019-04-27T22:00:00Z,53,Out of Range,97,30,1343,2011
2019-04-27T22:00:00Z,53,Fat Burn,136,97,1,6
2019-04-27T22:00:00Z,53,Cardio,165,136,0,0
2019-04-27T22:00:00Z,53,Peak,220,165,0,0
2019-04-28T22:00:00Z,52,Out of Range,97,30,1202,2313
2019-04-28T22:00:00Z,52,Fat Burn,136,97,43,350
2019-04-28T22:00:00Z,52,Cardio,165,136,36,474
2019-04-28T22:00:00Z,52,Peak,220,165,18,280
2019-04-29T22:00:00Z,53,Out of Range,97,30,1357,2749
2019-04-29T22:00:00Z,53,Fat Burn,136,97,79,591
2019-04-29T22:00:00Z,53,Cardio,165,136,0,0
2019-04-29T22:00:00Z,53,Peak,220,165,0,0
2019-04-30T22:00:00Z,53,Out of Range,97,30,1341,2929
2019-04-30T22:00:00Z,53,Fat Burn,136,97,42,368
2019-04-30T22:00:00Z,53,Cardio,165,136,1,13
2019-04-30T22:00:00Z,53,Peak,220,165,0,0
2019-05-01T22:00:00Z,51,Out of Range,97,30,1159,2267
2019-05-01T22:00:00Z,51,Fat Burn,136,97,98,854
2019-05-01T22:00:00Z,51,Cardio,165,136,26,311
2019-05-01T22:00:00Z,51,Peak,220,165,0,0
2019-05-02T22:00:00Z,50,Out of Range,97,30,1255,2739
2019-05-02T22:00:00Z,50,Fat Burn,136,97,102,901
2019-05-02T22:00:00Z,50,Cardio,165,136,1,13
2019-05-02T22:00:00Z,50,Peak,220,165,0,0
2019-05-03T22:00:00Z,50,Out of Range,97,30,1368,2906
2019-05-03T22:00:00Z,50,Fat Burn,136,97,1,8
2019-05-03T22:00:00Z,50,Cardio,165,136,0,0
2019-05-03T22:00:00Z,50,Peak,220,165,0,0
2019-05-04T22:00:00Z,49,Out of Range,97,30,992,2348
2019-05-04T22:00:00Z,49,Fat Burn,136,97,75,585
2019-05-04T22:00:00Z,49,Cardio,165,136,59,733
2019-05-04T22:00:00Z,49,Peak,220,165,1,14
2019-05-05T22:00:00Z,49,Out of Range,97,30,1089,2109
2019-05-05T22:00:00Z,49,Fat Burn,136,97,19,153
2019-05-05T22:00:00Z,49,Cardio,165,136,0,0
2019-05-05T22:00:00Z,49,Peak,220,165,0,0
2019-05-06T22:00:00Z,48,Out of Range,97,30,1150,2605
2019-05-06T22:00:00Z,48,Fat Burn,136,97,66,569
2019-05-06T22:00:00Z,48,Cardio,165,136,1,12
2019-05-06T22:00:00Z,48,Peak,220,165,0,0
